{"cameraMode":{"drawMode":0,"name":"Shaded","section":"Shading Mode"},"sceneLighting":false,"audioPlay":false,"sceneViewState":{"showFog":false,"showMaterialUpdate":false,"showSkybox":false,"showFlares":false,"showImageEffects":false,"showParticleSystems":false,"showVisualEffectGraphs":true,"m_FxEnabled":true},"in2DMode":false,"pivot":{"x":0.0035303831100463869,"y":1.8368635177612305,"z":-0.06070345640182495},"rotation":{"x":-0.002696783747524023,"y":0.9957136511802673,"z":-0.02628248557448387,"w":-0.0959533080458641},"size":2.690101385116577,"orthographic":false}