{"cameraMode":{"drawMode":0,"name":"Shaded","section":"Shading Mode"},"sceneLighting":false,"audioPlay":false,"sceneViewState":{"showFog":true,"showMaterialUpdate":false,"showSkybox":false,"showFlares":true,"showImageEffects":true,"showParticleSystems":true,"showVisualEffectGraphs":true,"m_FxEnabled":true},"in2DMode":false,"pivot":{"x":67.28855895996094,"y":2.0703225135803224,"z":160.11500549316407},"rotation":{"x":0.17567510902881623,"y":0.12413182109594345,"z":-0.02231673337519169,"w":0.9770200848579407},"size":1.1000182628631592,"orthographic":false}